hierarchy_id,track,subtrack,role_name,career_level,progression_order,is_cross_subtrack,source_page,source_url,source_publisher,source_retrieved,verification_status,notes
imda-data-and-artificial-intelligence-business-intelligence-chief-data-officer-chief-ai-officer,Data and Artificial Intelligence,Business Intelligence,Chief Data Officer/Chief AI Officer,EXECUTIVE,6,true,14,https://www.imda.gov.sg/-/media/imda/images/programmes/skills-framework-for-ict/consolidated-career-maps.pdf,Infocomm Media Development Authority (IMDA) and SkillsFuture Singapore,2026-08-18,REVIEWED_FROM_MASTER_DIAGRAM,Role is visually shown spanning multiple sub-tracks on the master page.
imda-data-and-artificial-intelligence-business-intelligence-business-intelligence-director,Data and Artificial Intelligence,Business Intelligence,Business Intelligence Director,DIRECTOR,5,false,14,https://www.imda.gov.sg/-/media/imda/images/programmes/skills-framework-for-ict/consolidated-career-maps.pdf,Infocomm Media Development Authority (IMDA) and SkillsFuture Singapore,2026-08-18,REVIEWED_FROM_MASTER_DIAGRAM,
imda-data-and-artificial-intelligence-business-intelligence-business-intelligence-manager,Data and Artificial Intelligence,Business Intelligence,Business Intelligence Manager,MANAGER,4,false,14,https://www.imda.gov.sg/-/media/imda/images/programmes/skills-framework-for-ict/consolidated-career-maps.pdf,Infocomm Media Development Authority (IMDA) and SkillsFuture Singapore,2026-08-18,REVIEWED_FROM_MASTER_DIAGRAM,
imda-data-and-artificial-intelligence-business-intelligence-data-analyst,Data and Artificial Intelligence,Business Intelligence,Data Analyst,PROFESSIONAL,2,false,14,https://www.imda.gov.sg/-/media/imda/images/programmes/skills-framework-for-ict/consolidated-career-maps.pdf,Infocomm Media Development Authority (IMDA) and SkillsFuture Singapore,2026-08-18,REVIEWED_FROM_MASTER_DIAGRAM,
imda-data-and-artificial-intelligence-data-engineering-chief-data-officer-chief-ai-officer,Data and Artificial Intelligence,Data Engineering,Chief Data Officer/Chief AI Officer,EXECUTIVE,6,true,14,https://www.imda.gov.sg/-/media/imda/images/programmes/skills-framework-for-ict/consolidated-career-maps.pdf,Infocomm Media Development Authority (IMDA) and SkillsFuture Singapore,2026-08-18,REVIEWED_FROM_MASTER_DIAGRAM,Role is visually shown spanning multiple sub-tracks on the master page.
imda-data-and-artificial-intelligence-data-engineering-data-architect,Data and Artificial Intelligence,Data Engineering,Data Architect,ARCHITECT,4,false,14,https://www.imda.gov.sg/-/media/imda/images/programmes/skills-framework-for-ict/consolidated-career-maps.pdf,Infocomm Media Development Authority (IMDA) and SkillsFuture Singapore,2026-08-18,REVIEWED_FROM_MASTER_DIAGRAM,
imda-data-and-artificial-intelligence-data-engineering-senior-data-engineer,Data and Artificial Intelligence,Data Engineering,Senior Data Engineer,SENIOR,3,false,14,https://www.imda.gov.sg/-/media/imda/images/programmes/skills-framework-for-ict/consolidated-career-maps.pdf,Infocomm Media Development Authority (IMDA) and SkillsFuture Singapore,2026-08-18,REVIEWED_FROM_MASTER_DIAGRAM,
imda-data-and-artificial-intelligence-data-engineering-data-engineer,Data and Artificial Intelligence,Data Engineering,Data Engineer,PROFESSIONAL,2,false,14,https://www.imda.gov.sg/-/media/imda/images/programmes/skills-framework-for-ict/consolidated-career-maps.pdf,Infocomm Media Development Authority (IMDA) and SkillsFuture Singapore,2026-08-18,REVIEWED_FROM_MASTER_DIAGRAM,
imda-data-and-artificial-intelligence-data-engineering-associate-data-engineer,Data and Artificial Intelligence,Data Engineering,Associate Data Engineer,ASSOCIATE,1,false,14,https://www.imda.gov.sg/-/media/imda/images/programmes/skills-framework-for-ict/consolidated-career-maps.pdf,Infocomm Media Development Authority (IMDA) and SkillsFuture Singapore,2026-08-18,REVIEWED_FROM_MASTER_DIAGRAM,
imda-data-and-artificial-intelligence-machine-learning-ml-engineering-chief-data-officer-chief-ai-officer,Data and Artificial Intelligence,Machine Learning (ML) Engineering,Chief Data Officer/Chief AI Officer,EXECUTIVE,6,true,14,https://www.imda.gov.sg/-/media/imda/images/programmes/skills-framework-for-ict/consolidated-career-maps.pdf,Infocomm Media Development Authority (IMDA) and SkillsFuture Singapore,2026-08-18,REVIEWED_FROM_MASTER_DIAGRAM,Role is visually shown spanning multiple sub-tracks on the master page.
imda-data-and-artificial-intelligence-machine-learning-ml-engineering-head-of-data-science-and-ai,Data and Artificial Intelligence,Machine Learning (ML) Engineering,Head of Data Science and AI,HEAD,5,true,14,https://www.imda.gov.sg/-/media/imda/images/programmes/skills-framework-for-ict/consolidated-career-maps.pdf,Infocomm Media Development Authority (IMDA) and SkillsFuture Singapore,2026-08-18,REVIEWED_FROM_MASTER_DIAGRAM,Role is visually shown spanning multiple sub-tracks on the master page.
imda-data-and-artificial-intelligence-machine-learning-ml-engineering-senior-ai-ml-engineer,Data and Artificial Intelligence,Machine Learning (ML) Engineering,Senior AI/ML Engineer,SENIOR,3,false,14,https://www.imda.gov.sg/-/media/imda/images/programmes/skills-framework-for-ict/consolidated-career-maps.pdf,Infocomm Media Development Authority (IMDA) and SkillsFuture Singapore,2026-08-18,REVIEWED_FROM_MASTER_DIAGRAM,
imda-data-and-artificial-intelligence-machine-learning-ml-engineering-ai-ml-engineer,Data and Artificial Intelligence,Machine Learning (ML) Engineering,AI/ML Engineer,PROFESSIONAL,2,false,14,https://www.imda.gov.sg/-/media/imda/images/programmes/skills-framework-for-ict/consolidated-career-maps.pdf,Infocomm Media Development Authority (IMDA) and SkillsFuture Singapore,2026-08-18,REVIEWED_FROM_MASTER_DIAGRAM,
imda-data-and-artificial-intelligence-data-science-ai-science-chief-data-officer-chief-ai-officer,Data and Artificial Intelligence,Data Science/AI Science,Chief Data Officer/Chief AI Officer,EXECUTIVE,6,true,14,https://www.imda.gov.sg/-/media/imda/images/programmes/skills-framework-for-ict/consolidated-career-maps.pdf,Infocomm Media Development Authority (IMDA) and SkillsFuture Singapore,2026-08-18,REVIEWED_FROM_MASTER_DIAGRAM,Role is visually shown spanning multiple sub-tracks on the master page.
imda-data-and-artificial-intelligence-data-science-ai-science-head-of-data-science-and-ai,Data and Artificial Intelligence,Data Science/AI Science,Head of Data Science and AI,HEAD,5,true,14,https://www.imda.gov.sg/-/media/imda/images/programmes/skills-framework-for-ict/consolidated-career-maps.pdf,Infocomm Media Development Authority (IMDA) and SkillsFuture Singapore,2026-08-18,REVIEWED_FROM_MASTER_DIAGRAM,Role is visually shown spanning multiple sub-tracks on the master page.
imda-data-and-artificial-intelligence-data-science-ai-science-data-scientist-ai-scientist,Data and Artificial Intelligence,Data Science/AI Science,Data Scientist/AI Scientist,PROFESSIONAL,2,false,14,https://www.imda.gov.sg/-/media/imda/images/programmes/skills-framework-for-ict/consolidated-career-maps.pdf,Infocomm Media Development Authority (IMDA) and SkillsFuture Singapore,2026-08-18,REVIEWED_FROM_MASTER_DIAGRAM,
imda-data-and-artificial-intelligence-ai-applied-research-chief-data-officer-chief-ai-officer,Data and Artificial Intelligence,AI Applied Research,Chief Data Officer/Chief AI Officer,EXECUTIVE,6,true,14,https://www.imda.gov.sg/-/media/imda/images/programmes/skills-framework-for-ict/consolidated-career-maps.pdf,Infocomm Media Development Authority (IMDA) and SkillsFuture Singapore,2026-08-18,REVIEWED_FROM_MASTER_DIAGRAM,Role is visually shown spanning multiple sub-tracks on the master page.
imda-data-and-artificial-intelligence-ai-applied-research-head-of-data-science-and-ai,Data and Artificial Intelligence,AI Applied Research,Head of Data Science and AI,HEAD,5,true,14,https://www.imda.gov.sg/-/media/imda/images/programmes/skills-framework-for-ict/consolidated-career-maps.pdf,Infocomm Media Development Authority (IMDA) and SkillsFuture Singapore,2026-08-18,REVIEWED_FROM_MASTER_DIAGRAM,Role is visually shown spanning multiple sub-tracks on the master page.
imda-data-and-artificial-intelligence-ai-applied-research-ai-applied-researcher,Data and Artificial Intelligence,AI Applied Research,AI Applied Researcher,PROFESSIONAL,2,false,14,https://www.imda.gov.sg/-/media/imda/images/programmes/skills-framework-for-ict/consolidated-career-maps.pdf,Infocomm Media Development Authority (IMDA) and SkillsFuture Singapore,2026-08-18,REVIEWED_FROM_MASTER_DIAGRAM,
imda-infrastructure-plan-and-design-chief-information-officer,Infrastructure,Plan and Design,Chief Information Officer,EXECUTIVE,6,false,45,https://www.imda.gov.sg/-/media/imda/images/programmes/skills-framework-for-ict/consolidated-career-maps.pdf,Infocomm Media Development Authority (IMDA) and SkillsFuture Singapore,2026-08-18,REVIEWED_FROM_MASTER_DIAGRAM,
imda-infrastructure-plan-and-design-head-of-infrastructure,Infrastructure,Plan and Design,Head of Infrastructure,HEAD,5,true,45,https://www.imda.gov.sg/-/media/imda/images/programmes/skills-framework-for-ict/consolidated-career-maps.pdf,Infocomm Media Development Authority (IMDA) and SkillsFuture Singapore,2026-08-18,REVIEWED_FROM_MASTER_DIAGRAM,Role is visually shown spanning multiple sub-tracks on the master page.
imda-infrastructure-plan-and-design-infrastructure-architect,Infrastructure,Plan and Design,Infrastructure Architect,ARCHITECT,4,false,45,https://www.imda.gov.sg/-/media/imda/images/programmes/skills-framework-for-ict/consolidated-career-maps.pdf,Infocomm Media Development Authority (IMDA) and SkillsFuture Singapore,2026-08-18,REVIEWED_FROM_MASTER_DIAGRAM,
imda-infrastructure-build-and-maintain-chief-technology-officer,Infrastructure,Build and Maintain,Chief Technology Officer,EXECUTIVE,6,false,45,https://www.imda.gov.sg/-/media/imda/images/programmes/skills-framework-for-ict/consolidated-career-maps.pdf,Infocomm Media Development Authority (IMDA) and SkillsFuture Singapore,2026-08-18,REVIEWED_FROM_MASTER_DIAGRAM,
imda-infrastructure-build-and-maintain-head-of-infrastructure,Infrastructure,Build and Maintain,Head of Infrastructure,HEAD,5,true,45,https://www.imda.gov.sg/-/media/imda/images/programmes/skills-framework-for-ict/consolidated-career-maps.pdf,Infocomm Media Development Authority (IMDA) and SkillsFuture Singapore,2026-08-18,REVIEWED_FROM_MASTER_DIAGRAM,Role is visually shown spanning multiple sub-tracks on the master page.
imda-infrastructure-build-and-maintain-infrastructure-engineering-manager,Infrastructure,Build and Maintain,Infrastructure Engineering Manager,MANAGER,4,false,45,https://www.imda.gov.sg/-/media/imda/images/programmes/skills-framework-for-ict/consolidated-career-maps.pdf,Infocomm Media Development Authority (IMDA) and SkillsFuture Singapore,2026-08-18,REVIEWED_FROM_MASTER_DIAGRAM,
imda-infrastructure-build-and-maintain-infrastructure-engineer,Infrastructure,Build and Maintain,Infrastructure Engineer,PROFESSIONAL,2,false,45,https://www.imda.gov.sg/-/media/imda/images/programmes/skills-framework-for-ict/consolidated-career-maps.pdf,Infocomm Media Development Authority (IMDA) and SkillsFuture Singapore,2026-08-18,REVIEWED_FROM_MASTER_DIAGRAM,
imda-infrastructure-build-and-maintain-sysops-engineer,Infrastructure,Build and Maintain,SysOps Engineer,PROFESSIONAL,2,false,45,https://www.imda.gov.sg/-/media/imda/images/programmes/skills-framework-for-ict/consolidated-career-maps.pdf,Infocomm Media Development Authority (IMDA) and SkillsFuture Singapore,2026-08-18,REVIEWED_FROM_MASTER_DIAGRAM,
imda-infrastructure-build-and-maintain-radio-frequency-engineer,Infrastructure,Build and Maintain,Radio Frequency Engineer,PROFESSIONAL,2,false,45,https://www.imda.gov.sg/-/media/imda/images/programmes/skills-framework-for-ict/consolidated-career-maps.pdf,Infocomm Media Development Authority (IMDA) and SkillsFuture Singapore,2026-08-18,REVIEWED_FROM_MASTER_DIAGRAM,
imda-infrastructure-build-and-maintain-network-engineer,Infrastructure,Build and Maintain,Network Engineer,PROFESSIONAL,2,false,45,https://www.imda.gov.sg/-/media/imda/images/programmes/skills-framework-for-ict/consolidated-career-maps.pdf,Infocomm Media Development Authority (IMDA) and SkillsFuture Singapore,2026-08-18,REVIEWED_FROM_MASTER_DIAGRAM,
imda-infrastructure-build-and-maintain-automation-and-orchestration-engineer,Infrastructure,Build and Maintain,Automation and Orchestration Engineer,PROFESSIONAL,2,false,45,https://www.imda.gov.sg/-/media/imda/images/programmes/skills-framework-for-ict/consolidated-career-maps.pdf,Infocomm Media Development Authority (IMDA) and SkillsFuture Singapore,2026-08-18,REVIEWED_FROM_MASTER_DIAGRAM,
imda-infrastructure-build-and-maintain-associate-infrastructure-engineer,Infrastructure,Build and Maintain,Associate Infrastructure Engineer,ASSOCIATE,1,false,45,https://www.imda.gov.sg/-/media/imda/images/programmes/skills-framework-for-ict/consolidated-career-maps.pdf,Infocomm Media Development Authority (IMDA) and SkillsFuture Singapore,2026-08-18,REVIEWED_FROM_MASTER_DIAGRAM,
imda-infrastructure-build-and-maintain-associate-radio-frequency-engineer,Infrastructure,Build and Maintain,Associate Radio Frequency Engineer,ASSOCIATE,1,false,45,https://www.imda.gov.sg/-/media/imda/images/programmes/skills-framework-for-ict/consolidated-career-maps.pdf,Infocomm Media Development Authority (IMDA) and SkillsFuture Singapore,2026-08-18,REVIEWED_FROM_MASTER_DIAGRAM,
imda-infrastructure-build-and-maintain-associate-network-engineer,Infrastructure,Build and Maintain,Associate Network Engineer,ASSOCIATE,1,false,45,https://www.imda.gov.sg/-/media/imda/images/programmes/skills-framework-for-ict/consolidated-career-maps.pdf,Infocomm Media Development Authority (IMDA) and SkillsFuture Singapore,2026-08-18,REVIEWED_FROM_MASTER_DIAGRAM,
imda-software-and-applications-software-engineering-chief-information-officer,Software and Applications,Software Engineering,Chief Information Officer,EXECUTIVE,6,true,79,https://www.imda.gov.sg/-/media/imda/images/programmes/skills-framework-for-ict/consolidated-career-maps.pdf,Infocomm Media Development Authority (IMDA) and SkillsFuture Singapore,2026-08-18,REVIEWED_FROM_MASTER_DIAGRAM,Role is visually shown spanning multiple sub-tracks on the master page.
imda-software-and-applications-software-engineering-chief-technology-officer,Software and Applications,Software Engineering,Chief Technology Officer,EXECUTIVE,6,true,79,https://www.imda.gov.sg/-/media/imda/images/programmes/skills-framework-for-ict/consolidated-career-maps.pdf,Infocomm Media Development Authority (IMDA) and SkillsFuture Singapore,2026-08-18,REVIEWED_FROM_MASTER_DIAGRAM,Role is visually shown spanning multiple sub-tracks on the master page.
imda-software-and-applications-software-engineering-head-of-software-engineering,Software and Applications,Software Engineering,Head of Software Engineering,HEAD,5,true,79,https://www.imda.gov.sg/-/media/imda/images/programmes/skills-framework-for-ict/consolidated-career-maps.pdf,Infocomm Media Development Authority (IMDA) and SkillsFuture Singapore,2026-08-18,REVIEWED_FROM_MASTER_DIAGRAM,Role is visually shown spanning multiple sub-tracks on the master page.
imda-software-and-applications-software-engineering-software-architect,Software and Applications,Software Engineering,Software Architect,ARCHITECT,4,false,79,https://www.imda.gov.sg/-/media/imda/images/programmes/skills-framework-for-ict/consolidated-career-maps.pdf,Infocomm Media Development Authority (IMDA) and SkillsFuture Singapore,2026-08-18,REVIEWED_FROM_MASTER_DIAGRAM,
imda-software-and-applications-software-engineering-software-engineering-manager,Software and Applications,Software Engineering,Software Engineering Manager,MANAGER,4,false,79,https://www.imda.gov.sg/-/media/imda/images/programmes/skills-framework-for-ict/consolidated-career-maps.pdf,Infocomm Media Development Authority (IMDA) and SkillsFuture Singapore,2026-08-18,REVIEWED_FROM_MASTER_DIAGRAM,
imda-software-and-applications-software-engineering-devops-engineer,Software and Applications,Software Engineering,DevOps Engineer,PROFESSIONAL,2,false,79,https://www.imda.gov.sg/-/media/imda/images/programmes/skills-framework-for-ict/consolidated-career-maps.pdf,Infocomm Media Development Authority (IMDA) and SkillsFuture Singapore,2026-08-18,REVIEWED_FROM_MASTER_DIAGRAM,
imda-software-and-applications-software-engineering-software-engineer,Software and Applications,Software Engineering,Software Engineer,PROFESSIONAL,2,false,79,https://www.imda.gov.sg/-/media/imda/images/programmes/skills-framework-for-ict/consolidated-career-maps.pdf,Infocomm Media Development Authority (IMDA) and SkillsFuture Singapore,2026-08-18,REVIEWED_FROM_MASTER_DIAGRAM,
imda-software-and-applications-software-engineering-associate-software-engineer,Software and Applications,Software Engineering,Associate Software Engineer,ASSOCIATE,1,false,79,https://www.imda.gov.sg/-/media/imda/images/programmes/skills-framework-for-ict/consolidated-career-maps.pdf,Infocomm Media Development Authority (IMDA) and SkillsFuture Singapore,2026-08-18,REVIEWED_FROM_MASTER_DIAGRAM,
imda-software-and-applications-embedded-systems-engineering-chief-information-officer,Software and Applications,Embedded Systems Engineering,Chief Information Officer,EXECUTIVE,6,true,79,https://www.imda.gov.sg/-/media/imda/images/programmes/skills-framework-for-ict/consolidated-career-maps.pdf,Infocomm Media Development Authority (IMDA) and SkillsFuture Singapore,2026-08-18,REVIEWED_FROM_MASTER_DIAGRAM,Role is visually shown spanning multiple sub-tracks on the master page.
imda-software-and-applications-embedded-systems-engineering-chief-technology-officer,Software and Applications,Embedded Systems Engineering,Chief Technology Officer,EXECUTIVE,6,true,79,https://www.imda.gov.sg/-/media/imda/images/programmes/skills-framework-for-ict/consolidated-career-maps.pdf,Infocomm Media Development Authority (IMDA) and SkillsFuture Singapore,2026-08-18,REVIEWED_FROM_MASTER_DIAGRAM,Role is visually shown spanning multiple sub-tracks on the master page.
imda-software-and-applications-embedded-systems-engineering-head-of-software-engineering,Software and Applications,Embedded Systems Engineering,Head of Software Engineering,HEAD,5,true,79,https://www.imda.gov.sg/-/media/imda/images/programmes/skills-framework-for-ict/consolidated-career-maps.pdf,Infocomm Media Development Authority (IMDA) and SkillsFuture Singapore,2026-08-18,REVIEWED_FROM_MASTER_DIAGRAM,Role is visually shown spanning multiple sub-tracks on the master page.
imda-software-and-applications-embedded-systems-engineering-embedded-systems-engineering-manager,Software and Applications,Embedded Systems Engineering,Embedded Systems Engineering Manager,MANAGER,4,false,79,https://www.imda.gov.sg/-/media/imda/images/programmes/skills-framework-for-ict/consolidated-career-maps.pdf,Infocomm Media Development Authority (IMDA) and SkillsFuture Singapore,2026-08-18,REVIEWED_FROM_MASTER_DIAGRAM,
imda-software-and-applications-embedded-systems-engineering-embedded-systems-engineer,Software and Applications,Embedded Systems Engineering,Embedded Systems Engineer,PROFESSIONAL,2,false,79,https://www.imda.gov.sg/-/media/imda/images/programmes/skills-framework-for-ict/consolidated-career-maps.pdf,Infocomm Media Development Authority (IMDA) and SkillsFuture Singapore,2026-08-18,REVIEWED_FROM_MASTER_DIAGRAM,
imda-software-and-applications-embedded-systems-engineering-associate-embedded-systems-engineer,Software and Applications,Embedded Systems Engineering,Associate Embedded Systems Engineer,ASSOCIATE,1,false,79,https://www.imda.gov.sg/-/media/imda/images/programmes/skills-framework-for-ict/consolidated-career-maps.pdf,Infocomm Media Development Authority (IMDA) and SkillsFuture Singapore,2026-08-18,REVIEWED_FROM_MASTER_DIAGRAM,
imda-software-and-applications-user-interface-design-chief-information-officer,Software and Applications,User Interface Design,Chief Information Officer,EXECUTIVE,6,true,79,https://www.imda.gov.sg/-/media/imda/images/programmes/skills-framework-for-ict/consolidated-career-maps.pdf,Infocomm Media Development Authority (IMDA) and SkillsFuture Singapore,2026-08-18,REVIEWED_FROM_MASTER_DIAGRAM,Role is visually shown spanning multiple sub-tracks on the master page.
imda-software-and-applications-user-interface-design-chief-technology-officer,Software and Applications,User Interface Design,Chief Technology Officer,EXECUTIVE,6,true,79,https://www.imda.gov.sg/-/media/imda/images/programmes/skills-framework-for-ict/consolidated-career-maps.pdf,Infocomm Media Development Authority (IMDA) and SkillsFuture Singapore,2026-08-18,REVIEWED_FROM_MASTER_DIAGRAM,Role is visually shown spanning multiple sub-tracks on the master page.
imda-software-and-applications-user-interface-design-head-of-software-engineering,Software and Applications,User Interface Design,Head of Software Engineering,HEAD,5,true,79,https://www.imda.gov.sg/-/media/imda/images/programmes/skills-framework-for-ict/consolidated-career-maps.pdf,Infocomm Media Development Authority (IMDA) and SkillsFuture Singapore,2026-08-18,REVIEWED_FROM_MASTER_DIAGRAM,Role is visually shown spanning multiple sub-tracks on the master page.
imda-software-and-applications-user-interface-design-lead-ui-designer,Software and Applications,User Interface Design,Lead UI Designer,LEAD,4,false,79,https://www.imda.gov.sg/-/media/imda/images/programmes/skills-framework-for-ict/consolidated-career-maps.pdf,Infocomm Media Development Authority (IMDA) and SkillsFuture Singapore,2026-08-18,REVIEWED_FROM_MASTER_DIAGRAM,
imda-software-and-applications-user-interface-design-ui-designer,Software and Applications,User Interface Design,UI Designer,PROFESSIONAL,2,false,79,https://www.imda.gov.sg/-/media/imda/images/programmes/skills-framework-for-ict/consolidated-career-maps.pdf,Infocomm Media Development Authority (IMDA) and SkillsFuture Singapore,2026-08-18,REVIEWED_FROM_MASTER_DIAGRAM,
imda-software-and-applications-user-interface-design-associate-ui-designer,Software and Applications,User Interface Design,Associate UI Designer,ASSOCIATE,1,false,79,https://www.imda.gov.sg/-/media/imda/images/programmes/skills-framework-for-ict/consolidated-career-maps.pdf,Infocomm Media Development Authority (IMDA) and SkillsFuture Singapore,2026-08-18,REVIEWED_FROM_MASTER_DIAGRAM,
imda-operations-and-support-infrastructure-support-chief-information-officer,Operations and Support,Infrastructure Support,Chief Information Officer,EXECUTIVE,6,true,117,https://www.imda.gov.sg/-/media/imda/images/programmes/skills-framework-for-ict/consolidated-career-maps.pdf,Infocomm Media Development Authority (IMDA) and SkillsFuture Singapore,2026-08-18,REVIEWED_FROM_MASTER_DIAGRAM,Role is visually shown spanning multiple sub-tracks on the master page.
imda-operations-and-support-infrastructure-support-head-of-operations-and-support,Operations and Support,Infrastructure Support,Head of Operations and Support,HEAD,5,true,117,https://www.imda.gov.sg/-/media/imda/images/programmes/skills-framework-for-ict/consolidated-career-maps.pdf,Infocomm Media Development Authority (IMDA) and SkillsFuture Singapore,2026-08-18,REVIEWED_FROM_MASTER_DIAGRAM,Role is visually shown spanning multiple sub-tracks on the master page.
imda-operations-and-support-infrastructure-support-operations-and-support-manager,Operations and Support,Infrastructure Support,Operations and Support Manager,MANAGER,4,true,117,https://www.imda.gov.sg/-/media/imda/images/programmes/skills-framework-for-ict/consolidated-career-maps.pdf,Infocomm Media Development Authority (IMDA) and SkillsFuture Singapore,2026-08-18,REVIEWED_FROM_MASTER_DIAGRAM,Role is visually shown spanning multiple sub-tracks on the master page.
imda-operations-and-support-infrastructure-support-infrastructure-support-engineer,Operations and Support,Infrastructure Support,Infrastructure Support Engineer,PROFESSIONAL,2,false,117,https://www.imda.gov.sg/-/media/imda/images/programmes/skills-framework-for-ict/consolidated-career-maps.pdf,Infocomm Media Development Authority (IMDA) and SkillsFuture Singapore,2026-08-18,REVIEWED_FROM_MASTER_DIAGRAM,
imda-operations-and-support-infrastructure-support-associate-infrastructure-support-engineer,Operations and Support,Infrastructure Support,Associate Infrastructure Support Engineer,ASSOCIATE,1,false,117,https://www.imda.gov.sg/-/media/imda/images/programmes/skills-framework-for-ict/consolidated-career-maps.pdf,Infocomm Media Development Authority (IMDA) and SkillsFuture Singapore,2026-08-18,REVIEWED_FROM_MASTER_DIAGRAM,
imda-operations-and-support-systems-support-chief-information-officer,Operations and Support,Systems Support,Chief Information Officer,EXECUTIVE,6,true,117,https://www.imda.gov.sg/-/media/imda/images/programmes/skills-framework-for-ict/consolidated-career-maps.pdf,Infocomm Media Development Authority (IMDA) and SkillsFuture Singapore,2026-08-18,REVIEWED_FROM_MASTER_DIAGRAM,Role is visually shown spanning multiple sub-tracks on the master page.
imda-operations-and-support-systems-support-head-of-operations-and-support,Operations and Support,Systems Support,Head of Operations and Support,HEAD,5,true,117,https://www.imda.gov.sg/-/media/imda/images/programmes/skills-framework-for-ict/consolidated-career-maps.pdf,Infocomm Media Development Authority (IMDA) and SkillsFuture Singapore,2026-08-18,REVIEWED_FROM_MASTER_DIAGRAM,Role is visually shown spanning multiple sub-tracks on the master page.
imda-operations-and-support-systems-support-operations-and-support-manager,Operations and Support,Systems Support,Operations and Support Manager,MANAGER,4,true,117,https://www.imda.gov.sg/-/media/imda/images/programmes/skills-framework-for-ict/consolidated-career-maps.pdf,Infocomm Media Development Authority (IMDA) and SkillsFuture Singapore,2026-08-18,REVIEWED_FROM_MASTER_DIAGRAM,Role is visually shown spanning multiple sub-tracks on the master page.
imda-operations-and-support-systems-support-systems-support-engineer,Operations and Support,Systems Support,Systems Support Engineer,PROFESSIONAL,2,false,117,https://www.imda.gov.sg/-/media/imda/images/programmes/skills-framework-for-ict/consolidated-career-maps.pdf,Infocomm Media Development Authority (IMDA) and SkillsFuture Singapore,2026-08-18,REVIEWED_FROM_MASTER_DIAGRAM,
imda-operations-and-support-systems-support-associate-systems-support-engineer,Operations and Support,Systems Support,Associate Systems Support Engineer,ASSOCIATE,1,false,117,https://www.imda.gov.sg/-/media/imda/images/programmes/skills-framework-for-ict/consolidated-career-maps.pdf,Infocomm Media Development Authority (IMDA) and SkillsFuture Singapore,2026-08-18,REVIEWED_FROM_MASTER_DIAGRAM,
imda-operations-and-support-database-support-chief-information-officer,Operations and Support,Database Support,Chief Information Officer,EXECUTIVE,6,true,117,https://www.imda.gov.sg/-/media/imda/images/programmes/skills-framework-for-ict/consolidated-career-maps.pdf,Infocomm Media Development Authority (IMDA) and SkillsFuture Singapore,2026-08-18,REVIEWED_FROM_MASTER_DIAGRAM,Role is visually shown spanning multiple sub-tracks on the master page.
imda-operations-and-support-database-support-head-of-operations-and-support,Operations and Support,Database Support,Head of Operations and Support,HEAD,5,true,117,https://www.imda.gov.sg/-/media/imda/images/programmes/skills-framework-for-ict/consolidated-career-maps.pdf,Infocomm Media Development Authority (IMDA) and SkillsFuture Singapore,2026-08-18,REVIEWED_FROM_MASTER_DIAGRAM,Role is visually shown spanning multiple sub-tracks on the master page.
imda-operations-and-support-database-support-operations-and-support-manager,Operations and Support,Database Support,Operations and Support Manager,MANAGER,4,true,117,https://www.imda.gov.sg/-/media/imda/images/programmes/skills-framework-for-ict/consolidated-career-maps.pdf,Infocomm Media Development Authority (IMDA) and SkillsFuture Singapore,2026-08-18,REVIEWED_FROM_MASTER_DIAGRAM,Role is visually shown spanning multiple sub-tracks on the master page.
imda-operations-and-support-database-support-database-support-engineer,Operations and Support,Database Support,Database Support Engineer,PROFESSIONAL,2,false,117,https://www.imda.gov.sg/-/media/imda/images/programmes/skills-framework-for-ict/consolidated-career-maps.pdf,Infocomm Media Development Authority (IMDA) and SkillsFuture Singapore,2026-08-18,REVIEWED_FROM_MASTER_DIAGRAM,
imda-operations-and-support-database-support-associate-database-support-engineer,Operations and Support,Database Support,Associate Database Support Engineer,ASSOCIATE,1,false,117,https://www.imda.gov.sg/-/media/imda/images/programmes/skills-framework-for-ict/consolidated-career-maps.pdf,Infocomm Media Development Authority (IMDA) and SkillsFuture Singapore,2026-08-18,REVIEWED_FROM_MASTER_DIAGRAM,
imda-operations-and-support-data-centre-and-operations-centre-support-chief-information-officer,Operations and Support,Data Centre and Operations Centre Support,Chief Information Officer,EXECUTIVE,6,true,117,https://www.imda.gov.sg/-/media/imda/images/programmes/skills-framework-for-ict/consolidated-career-maps.pdf,Infocomm Media Development Authority (IMDA) and SkillsFuture Singapore,2026-08-18,REVIEWED_FROM_MASTER_DIAGRAM,Role is visually shown spanning multiple sub-tracks on the master page.
imda-operations-and-support-data-centre-and-operations-centre-support-head-of-operations-and-support,Operations and Support,Data Centre and Operations Centre Support,Head of Operations and Support,HEAD,5,true,117,https://www.imda.gov.sg/-/media/imda/images/programmes/skills-framework-for-ict/consolidated-career-maps.pdf,Infocomm Media Development Authority (IMDA) and SkillsFuture Singapore,2026-08-18,REVIEWED_FROM_MASTER_DIAGRAM,Role is visually shown spanning multiple sub-tracks on the master page.
imda-operations-and-support-data-centre-and-operations-centre-support-operations-and-support-manager,Operations and Support,Data Centre and Operations Centre Support,Operations and Support Manager,MANAGER,4,true,117,https://www.imda.gov.sg/-/media/imda/images/programmes/skills-framework-for-ict/consolidated-career-maps.pdf,Infocomm Media Development Authority (IMDA) and SkillsFuture Singapore,2026-08-18,REVIEWED_FROM_MASTER_DIAGRAM,Role is visually shown spanning multiple sub-tracks on the master page.
imda-operations-and-support-data-centre-and-operations-centre-support-data-centre-operations-engineer,Operations and Support,Data Centre and Operations Centre Support,Data Centre Operations Engineer,PROFESSIONAL,2,false,117,https://www.imda.gov.sg/-/media/imda/images/programmes/skills-framework-for-ict/consolidated-career-maps.pdf,Infocomm Media Development Authority (IMDA) and SkillsFuture Singapore,2026-08-18,REVIEWED_FROM_MASTER_DIAGRAM,
imda-operations-and-support-data-centre-and-operations-centre-support-associate-data-centre-operations-engineer,Operations and Support,Data Centre and Operations Centre Support,Associate Data Centre Operations Engineer,ASSOCIATE,1,false,117,https://www.imda.gov.sg/-/media/imda/images/programmes/skills-framework-for-ict/consolidated-career-maps.pdf,Infocomm Media Development Authority (IMDA) and SkillsFuture Singapore,2026-08-18,REVIEWED_FROM_MASTER_DIAGRAM,
imda-operations-and-support-data-centre-and-operations-centre-support-operations-centre-support-engineer,Operations and Support,Data Centre and Operations Centre Support,Operations Centre Support Engineer,PROFESSIONAL,2,false,117,https://www.imda.gov.sg/-/media/imda/images/programmes/skills-framework-for-ict/consolidated-career-maps.pdf,Infocomm Media Development Authority (IMDA) and SkillsFuture Singapore,2026-08-18,REVIEWED_FROM_MASTER_DIAGRAM,
imda-operations-and-support-data-centre-and-operations-centre-support-associate-operations-centre-support-engineer,Operations and Support,Data Centre and Operations Centre Support,Associate Operations Centre Support Engineer,ASSOCIATE,1,false,117,https://www.imda.gov.sg/-/media/imda/images/programmes/skills-framework-for-ict/consolidated-career-maps.pdf,Infocomm Media Development Authority (IMDA) and SkillsFuture Singapore,2026-08-18,REVIEWED_FROM_MASTER_DIAGRAM,
imda-operations-and-support-applications-support-chief-information-officer,Operations and Support,Applications Support,Chief Information Officer,EXECUTIVE,6,true,117,https://www.imda.gov.sg/-/media/imda/images/programmes/skills-framework-for-ict/consolidated-career-maps.pdf,Infocomm Media Development Authority (IMDA) and SkillsFuture Singapore,2026-08-18,REVIEWED_FROM_MASTER_DIAGRAM,Role is visually shown spanning multiple sub-tracks on the master page.
imda-operations-and-support-applications-support-head-of-operations-and-support,Operations and Support,Applications Support,Head of Operations and Support,HEAD,5,true,117,https://www.imda.gov.sg/-/media/imda/images/programmes/skills-framework-for-ict/consolidated-career-maps.pdf,Infocomm Media Development Authority (IMDA) and SkillsFuture Singapore,2026-08-18,REVIEWED_FROM_MASTER_DIAGRAM,Role is visually shown spanning multiple sub-tracks on the master page.
imda-operations-and-support-applications-support-operations-and-support-manager,Operations and Support,Applications Support,Operations and Support Manager,MANAGER,4,true,117,https://www.imda.gov.sg/-/media/imda/images/programmes/skills-framework-for-ict/consolidated-career-maps.pdf,Infocomm Media Development Authority (IMDA) and SkillsFuture Singapore,2026-08-18,REVIEWED_FROM_MASTER_DIAGRAM,Role is visually shown spanning multiple sub-tracks on the master page.
imda-operations-and-support-applications-support-applications-support-engineer,Operations and Support,Applications Support,Applications Support Engineer,PROFESSIONAL,2,false,117,https://www.imda.gov.sg/-/media/imda/images/programmes/skills-framework-for-ict/consolidated-career-maps.pdf,Infocomm Media Development Authority (IMDA) and SkillsFuture Singapore,2026-08-18,REVIEWED_FROM_MASTER_DIAGRAM,
imda-operations-and-support-applications-support-associate-applications-support-engineer,Operations and Support,Applications Support,Associate Applications Support Engineer,ASSOCIATE,1,false,117,https://www.imda.gov.sg/-/media/imda/images/programmes/skills-framework-for-ict/consolidated-career-maps.pdf,Infocomm Media Development Authority (IMDA) and SkillsFuture Singapore,2026-08-18,REVIEWED_FROM_MASTER_DIAGRAM,
imda-cyber-security-governance-risk-and-control-chief-information-security-officer,Cyber Security,"Governance, Risk and Control",Chief Information Security Officer,EXECUTIVE,6,true,157,https://www.imda.gov.sg/-/media/imda/images/programmes/skills-framework-for-ict/consolidated-career-maps.pdf,Infocomm Media Development Authority (IMDA) and SkillsFuture Singapore,2026-08-18,REVIEWED_FROM_MASTER_DIAGRAM,Role is visually shown spanning multiple sub-tracks on the master page.
imda-cyber-security-governance-risk-and-control-cyber-risk-manager,Cyber Security,"Governance, Risk and Control",Cyber Risk Manager,MANAGER,4,false,157,https://www.imda.gov.sg/-/media/imda/images/programmes/skills-framework-for-ict/consolidated-career-maps.pdf,Infocomm Media Development Authority (IMDA) and SkillsFuture Singapore,2026-08-18,REVIEWED_FROM_MASTER_DIAGRAM,
imda-cyber-security-governance-risk-and-control-cyber-risk-analyst,Cyber Security,"Governance, Risk and Control",Cyber Risk Analyst,PROFESSIONAL,2,false,157,https://www.imda.gov.sg/-/media/imda/images/programmes/skills-framework-for-ict/consolidated-career-maps.pdf,Infocomm Media Development Authority (IMDA) and SkillsFuture Singapore,2026-08-18,REVIEWED_FROM_MASTER_DIAGRAM,
imda-cyber-security-governance-risk-and-control-associate-security-analyst,Cyber Security,"Governance, Risk and Control",Associate Security Analyst,ASSOCIATE,1,true,157,https://www.imda.gov.sg/-/media/imda/images/programmes/skills-framework-for-ict/consolidated-career-maps.pdf,Infocomm Media Development Authority (IMDA) and SkillsFuture Singapore,2026-08-18,REVIEWED_FROM_MASTER_DIAGRAM,Role is visually shown spanning multiple sub-tracks on the master page.
imda-cyber-security-vulnerability-assessment-and-penetration-testing-chief-information-security-officer,Cyber Security,Vulnerability Assessment and Penetration Testing,Chief Information Security Officer,EXECUTIVE,6,true,157,https://www.imda.gov.sg/-/media/imda/images/programmes/skills-framework-for-ict/consolidated-career-maps.pdf,Infocomm Media Development Authority (IMDA) and SkillsFuture Singapore,2026-08-18,REVIEWED_FROM_MASTER_DIAGRAM,Role is visually shown spanning multiple sub-tracks on the master page.
imda-cyber-security-vulnerability-assessment-and-penetration-testing-vulnerability-assessment-and-penetration-testing-manager,Cyber Security,Vulnerability Assessment and Penetration Testing,Vulnerability Assessment and Penetration Testing Manager,MANAGER,4,false,157,https://www.imda.gov.sg/-/media/imda/images/programmes/skills-framework-for-ict/consolidated-career-maps.pdf,Infocomm Media Development Authority (IMDA) and SkillsFuture Singapore,2026-08-18,REVIEWED_FROM_MASTER_DIAGRAM,
imda-cyber-security-vulnerability-assessment-and-penetration-testing-vulnerability-assessment-and-penetration-testing-analyst,Cyber Security,Vulnerability Assessment and Penetration Testing,Vulnerability Assessment and Penetration Testing Analyst,PROFESSIONAL,2,false,157,https://www.imda.gov.sg/-/media/imda/images/programmes/skills-framework-for-ict/consolidated-career-maps.pdf,Infocomm Media Development Authority (IMDA) and SkillsFuture Singapore,2026-08-18,REVIEWED_FROM_MASTER_DIAGRAM,
imda-cyber-security-vulnerability-assessment-and-penetration-testing-associate-security-analyst,Cyber Security,Vulnerability Assessment and Penetration Testing,Associate Security Analyst,ASSOCIATE,1,true,157,https://www.imda.gov.sg/-/media/imda/images/programmes/skills-framework-for-ict/consolidated-career-maps.pdf,Infocomm Media Development Authority (IMDA) and SkillsFuture Singapore,2026-08-18,REVIEWED_FROM_MASTER_DIAGRAM,Role is visually shown spanning multiple sub-tracks on the master page.
imda-cyber-security-security-operations-chief-information-security-officer,Cyber Security,Security Operations,Chief Information Security Officer,EXECUTIVE,6,true,157,https://www.imda.gov.sg/-/media/imda/images/programmes/skills-framework-for-ict/consolidated-career-maps.pdf,Infocomm Media Development Authority (IMDA) and SkillsFuture Singapore,2026-08-18,REVIEWED_FROM_MASTER_DIAGRAM,Role is visually shown spanning multiple sub-tracks on the master page.
imda-cyber-security-security-operations-security-operations-manager,Cyber Security,Security Operations,Security Operations Manager,MANAGER,4,false,157,https://www.imda.gov.sg/-/media/imda/images/programmes/skills-framework-for-ict/consolidated-career-maps.pdf,Infocomm Media Development Authority (IMDA) and SkillsFuture Singapore,2026-08-18,REVIEWED_FROM_MASTER_DIAGRAM,
imda-cyber-security-security-operations-security-operations-analyst,Cyber Security,Security Operations,Security Operations Analyst,PROFESSIONAL,2,false,157,https://www.imda.gov.sg/-/media/imda/images/programmes/skills-framework-for-ict/consolidated-career-maps.pdf,Infocomm Media Development Authority (IMDA) and SkillsFuture Singapore,2026-08-18,REVIEWED_FROM_MASTER_DIAGRAM,
imda-cyber-security-security-operations-associate-security-analyst,Cyber Security,Security Operations,Associate Security Analyst,ASSOCIATE,1,true,157,https://www.imda.gov.sg/-/media/imda/images/programmes/skills-framework-for-ict/consolidated-career-maps.pdf,Infocomm Media Development Authority (IMDA) and SkillsFuture Singapore,2026-08-18,REVIEWED_FROM_MASTER_DIAGRAM,Role is visually shown spanning multiple sub-tracks on the master page.
imda-cyber-security-forensics-investigation-chief-information-security-officer,Cyber Security,Forensics Investigation,Chief Information Security Officer,EXECUTIVE,6,true,157,https://www.imda.gov.sg/-/media/imda/images/programmes/skills-framework-for-ict/consolidated-career-maps.pdf,Infocomm Media Development Authority (IMDA) and SkillsFuture Singapore,2026-08-18,REVIEWED_FROM_MASTER_DIAGRAM,Role is visually shown spanning multiple sub-tracks on the master page.
imda-cyber-security-forensics-investigation-forensic-investigation-manager,Cyber Security,Forensics Investigation,Forensic Investigation Manager,MANAGER,4,false,157,https://www.imda.gov.sg/-/media/imda/images/programmes/skills-framework-for-ict/consolidated-career-maps.pdf,Infocomm Media Development Authority (IMDA) and SkillsFuture Singapore,2026-08-18,REVIEWED_FROM_MASTER_DIAGRAM,
imda-cyber-security-forensics-investigation-forensic-investigator,Cyber Security,Forensics Investigation,Forensic Investigator,PROFESSIONAL,2,false,157,https://www.imda.gov.sg/-/media/imda/images/programmes/skills-framework-for-ict/consolidated-career-maps.pdf,Infocomm Media Development Authority (IMDA) and SkillsFuture Singapore,2026-08-18,REVIEWED_FROM_MASTER_DIAGRAM,
imda-cyber-security-forensics-investigation-associate-security-analyst,Cyber Security,Forensics Investigation,Associate Security Analyst,ASSOCIATE,1,true,157,https://www.imda.gov.sg/-/media/imda/images/programmes/skills-framework-for-ict/consolidated-career-maps.pdf,Infocomm Media Development Authority (IMDA) and SkillsFuture Singapore,2026-08-18,REVIEWED_FROM_MASTER_DIAGRAM,Role is visually shown spanning multiple sub-tracks on the master page.
imda-cyber-security-incident-response-chief-information-security-officer,Cyber Security,Incident Response,Chief Information Security Officer,EXECUTIVE,6,true,157,https://www.imda.gov.sg/-/media/imda/images/programmes/skills-framework-for-ict/consolidated-career-maps.pdf,Infocomm Media Development Authority (IMDA) and SkillsFuture Singapore,2026-08-18,REVIEWED_FROM_MASTER_DIAGRAM,Role is visually shown spanning multiple sub-tracks on the master page.
imda-cyber-security-incident-response-incident-investigation-manager,Cyber Security,Incident Response,Incident Investigation Manager,MANAGER,4,false,157,https://www.imda.gov.sg/-/media/imda/images/programmes/skills-framework-for-ict/consolidated-career-maps.pdf,Infocomm Media Development Authority (IMDA) and SkillsFuture Singapore,2026-08-18,REVIEWED_FROM_MASTER_DIAGRAM,
imda-cyber-security-incident-response-incident-investigator,Cyber Security,Incident Response,Incident Investigator,PROFESSIONAL,2,false,157,https://www.imda.gov.sg/-/media/imda/images/programmes/skills-framework-for-ict/consolidated-career-maps.pdf,Infocomm Media Development Authority (IMDA) and SkillsFuture Singapore,2026-08-18,REVIEWED_FROM_MASTER_DIAGRAM,
imda-cyber-security-incident-response-associate-security-analyst,Cyber Security,Incident Response,Associate Security Analyst,ASSOCIATE,1,true,157,https://www.imda.gov.sg/-/media/imda/images/programmes/skills-framework-for-ict/consolidated-career-maps.pdf,Infocomm Media Development Authority (IMDA) and SkillsFuture Singapore,2026-08-18,REVIEWED_FROM_MASTER_DIAGRAM,Role is visually shown spanning multiple sub-tracks on the master page.
imda-cyber-security-threat-analysis-chief-information-security-officer,Cyber Security,Threat Analysis,Chief Information Security Officer,EXECUTIVE,6,true,157,https://www.imda.gov.sg/-/media/imda/images/programmes/skills-framework-for-ict/consolidated-career-maps.pdf,Infocomm Media Development Authority (IMDA) and SkillsFuture Singapore,2026-08-18,REVIEWED_FROM_MASTER_DIAGRAM,Role is visually shown spanning multiple sub-tracks on the master page.
imda-cyber-security-threat-analysis-threat-analysis-manager,Cyber Security,Threat Analysis,Threat Analysis Manager,MANAGER,4,false,157,https://www.imda.gov.sg/-/media/imda/images/programmes/skills-framework-for-ict/consolidated-career-maps.pdf,Infocomm Media Development Authority (IMDA) and SkillsFuture Singapore,2026-08-18,REVIEWED_FROM_MASTER_DIAGRAM,
imda-cyber-security-threat-analysis-associate-security-analyst,Cyber Security,Threat Analysis,Associate Security Analyst,ASSOCIATE,1,true,157,https://www.imda.gov.sg/-/media/imda/images/programmes/skills-framework-for-ict/consolidated-career-maps.pdf,Infocomm Media Development Authority (IMDA) and SkillsFuture Singapore,2026-08-18,REVIEWED_FROM_MASTER_DIAGRAM,Role is visually shown spanning multiple sub-tracks on the master page.
imda-cyber-security-security-design-and-engineering-chief-information-security-officer,Cyber Security,Security Design and Engineering,Chief Information Security Officer,EXECUTIVE,6,true,157,https://www.imda.gov.sg/-/media/imda/images/programmes/skills-framework-for-ict/consolidated-career-maps.pdf,Infocomm Media Development Authority (IMDA) and SkillsFuture Singapore,2026-08-18,REVIEWED_FROM_MASTER_DIAGRAM,Role is visually shown spanning multiple sub-tracks on the master page.
imda-cyber-security-security-design-and-engineering-security-architect,Cyber Security,Security Design and Engineering,Security Architect,ARCHITECT,4,false,157,https://www.imda.gov.sg/-/media/imda/images/programmes/skills-framework-for-ict/consolidated-career-maps.pdf,Infocomm Media Development Authority (IMDA) and SkillsFuture Singapore,2026-08-18,REVIEWED_FROM_MASTER_DIAGRAM,
imda-cyber-security-security-design-and-engineering-senior-security-engineer-security-engineer,Cyber Security,Security Design and Engineering,Senior Security Engineer/Security Engineer,SENIOR,3,false,157,https://www.imda.gov.sg/-/media/imda/images/programmes/skills-framework-for-ict/consolidated-career-maps.pdf,Infocomm Media Development Authority (IMDA) and SkillsFuture Singapore,2026-08-18,REVIEWED_FROM_MASTER_DIAGRAM,
imda-cyber-security-security-design-and-engineering-associate-security-analyst,Cyber Security,Security Design and Engineering,Associate Security Analyst,ASSOCIATE,1,true,157,https://www.imda.gov.sg/-/media/imda/images/programmes/skills-framework-for-ict/consolidated-career-maps.pdf,Infocomm Media Development Authority (IMDA) and SkillsFuture Singapore,2026-08-18,REVIEWED_FROM_MASTER_DIAGRAM,Role is visually shown spanning multiple sub-tracks on the master page.
imda-sales-and-marketing-pre-sales-head-of-sales,Sales and Marketing,Pre-Sales,Head of Sales,HEAD,5,true,195,https://www.imda.gov.sg/-/media/imda/images/programmes/skills-framework-for-ict/consolidated-career-maps.pdf,Infocomm Media Development Authority (IMDA) and SkillsFuture Singapore,2026-08-18,REVIEWED_FROM_MASTER_DIAGRAM,Role is visually shown spanning multiple sub-tracks on the master page.
imda-sales-and-marketing-pre-sales-pre-sales-director,Sales and Marketing,Pre-Sales,Pre-Sales Director,DIRECTOR,5,false,195,https://www.imda.gov.sg/-/media/imda/images/programmes/skills-framework-for-ict/consolidated-career-maps.pdf,Infocomm Media Development Authority (IMDA) and SkillsFuture Singapore,2026-08-18,REVIEWED_FROM_MASTER_DIAGRAM,
imda-sales-and-marketing-pre-sales-pre-sales-consultant,Sales and Marketing,Pre-Sales,Pre-Sales Consultant,PROFESSIONAL,2,false,195,https://www.imda.gov.sg/-/media/imda/images/programmes/skills-framework-for-ict/consolidated-career-maps.pdf,Infocomm Media Development Authority (IMDA) and SkillsFuture Singapore,2026-08-18,REVIEWED_FROM_MASTER_DIAGRAM,
imda-sales-and-marketing-sales-head-of-sales,Sales and Marketing,Sales,Head of Sales,HEAD,5,true,195,https://www.imda.gov.sg/-/media/imda/images/programmes/skills-framework-for-ict/consolidated-career-maps.pdf,Infocomm Media Development Authority (IMDA) and SkillsFuture Singapore,2026-08-18,REVIEWED_FROM_MASTER_DIAGRAM,Role is visually shown spanning multiple sub-tracks on the master page.
imda-sales-and-marketing-sales-sales-director,Sales and Marketing,Sales,Sales Director,DIRECTOR,5,false,195,https://www.imda.gov.sg/-/media/imda/images/programmes/skills-framework-for-ict/consolidated-career-maps.pdf,Infocomm Media Development Authority (IMDA) and SkillsFuture Singapore,2026-08-18,REVIEWED_FROM_MASTER_DIAGRAM,
imda-sales-and-marketing-sales-sales-account-manager,Sales and Marketing,Sales,Sales Account Manager,MANAGER,4,false,195,https://www.imda.gov.sg/-/media/imda/images/programmes/skills-framework-for-ict/consolidated-career-maps.pdf,Infocomm Media Development Authority (IMDA) and SkillsFuture Singapore,2026-08-18,REVIEWED_FROM_MASTER_DIAGRAM,
imda-sales-and-marketing-sales-business-development-manager,Sales and Marketing,Sales,Business Development Manager,MANAGER,4,false,195,https://www.imda.gov.sg/-/media/imda/images/programmes/skills-framework-for-ict/consolidated-career-maps.pdf,Infocomm Media Development Authority (IMDA) and SkillsFuture Singapore,2026-08-18,REVIEWED_FROM_MASTER_DIAGRAM,
imda-sales-and-marketing-sales-channel-sales-manager,Sales and Marketing,Sales,Channel Sales Manager,MANAGER,4,false,195,https://www.imda.gov.sg/-/media/imda/images/programmes/skills-framework-for-ict/consolidated-career-maps.pdf,Infocomm Media Development Authority (IMDA) and SkillsFuture Singapore,2026-08-18,REVIEWED_FROM_MASTER_DIAGRAM,
imda-sales-and-marketing-sales-sales-executive,Sales and Marketing,Sales,Sales Executive,PROFESSIONAL,2,false,195,https://www.imda.gov.sg/-/media/imda/images/programmes/skills-framework-for-ict/consolidated-career-maps.pdf,Infocomm Media Development Authority (IMDA) and SkillsFuture Singapore,2026-08-18,REVIEWED_FROM_MASTER_DIAGRAM,
imda-sales-and-marketing-customer-success-head-of-sales,Sales and Marketing,Customer Success,Head of Sales,HEAD,5,true,195,https://www.imda.gov.sg/-/media/imda/images/programmes/skills-framework-for-ict/consolidated-career-maps.pdf,Infocomm Media Development Authority (IMDA) and SkillsFuture Singapore,2026-08-18,REVIEWED_FROM_MASTER_DIAGRAM,Role is visually shown spanning multiple sub-tracks on the master page.
imda-sales-and-marketing-customer-success-customer-success-director,Sales and Marketing,Customer Success,Customer Success Director,DIRECTOR,5,false,195,https://www.imda.gov.sg/-/media/imda/images/programmes/skills-framework-for-ict/consolidated-career-maps.pdf,Infocomm Media Development Authority (IMDA) and SkillsFuture Singapore,2026-08-18,REVIEWED_FROM_MASTER_DIAGRAM,
imda-sales-and-marketing-customer-success-customer-success-manager,Sales and Marketing,Customer Success,Customer Success Manager,MANAGER,4,false,195,https://www.imda.gov.sg/-/media/imda/images/programmes/skills-framework-for-ict/consolidated-career-maps.pdf,Infocomm Media Development Authority (IMDA) and SkillsFuture Singapore,2026-08-18,REVIEWED_FROM_MASTER_DIAGRAM,
imda-sales-and-marketing-marketing-marketing-director,Sales and Marketing,Marketing,Marketing Director,DIRECTOR,5,false,195,https://www.imda.gov.sg/-/media/imda/images/programmes/skills-framework-for-ict/consolidated-career-maps.pdf,Infocomm Media Development Authority (IMDA) and SkillsFuture Singapore,2026-08-18,REVIEWED_FROM_MASTER_DIAGRAM,
imda-sales-and-marketing-marketing-marketing-manager,Sales and Marketing,Marketing,Marketing Manager,MANAGER,4,false,195,https://www.imda.gov.sg/-/media/imda/images/programmes/skills-framework-for-ict/consolidated-career-maps.pdf,Infocomm Media Development Authority (IMDA) and SkillsFuture Singapore,2026-08-18,REVIEWED_FROM_MASTER_DIAGRAM,
imda-sales-and-marketing-marketing-marketing-executive,Sales and Marketing,Marketing,Marketing Executive,PROFESSIONAL,2,false,195,https://www.imda.gov.sg/-/media/imda/images/programmes/skills-framework-for-ict/consolidated-career-maps.pdf,Infocomm Media Development Authority (IMDA) and SkillsFuture Singapore,2026-08-18,REVIEWED_FROM_MASTER_DIAGRAM,
imda-product-development-product-management-chief-product-officer,Product Development,Product Management,Chief Product Officer,EXECUTIVE,6,false,228,https://www.imda.gov.sg/-/media/imda/images/programmes/skills-framework-for-ict/consolidated-career-maps.pdf,Infocomm Media Development Authority (IMDA) and SkillsFuture Singapore,2026-08-18,REVIEWED_FROM_MASTER_DIAGRAM,
imda-product-development-product-management-head-of-product-analytics,Product Development,Product Management,Head of Product Analytics,HEAD,5,false,228,https://www.imda.gov.sg/-/media/imda/images/programmes/skills-framework-for-ict/consolidated-career-maps.pdf,Infocomm Media Development Authority (IMDA) and SkillsFuture Singapore,2026-08-18,REVIEWED_FROM_MASTER_DIAGRAM,
imda-product-development-product-management-head-of-product-design,Product Development,Product Management,Head of Product Design,HEAD,5,false,228,https://www.imda.gov.sg/-/media/imda/images/programmes/skills-framework-for-ict/consolidated-career-maps.pdf,Infocomm Media Development Authority (IMDA) and SkillsFuture Singapore,2026-08-18,REVIEWED_FROM_MASTER_DIAGRAM,
imda-product-development-product-management-head-of-product,Product Development,Product Management,Head of Product,HEAD,5,false,228,https://www.imda.gov.sg/-/media/imda/images/programmes/skills-framework-for-ict/consolidated-career-maps.pdf,Infocomm Media Development Authority (IMDA) and SkillsFuture Singapore,2026-08-18,REVIEWED_FROM_MASTER_DIAGRAM,
imda-product-development-product-management-lead-product-analyst,Product Development,Product Management,Lead Product Analyst,LEAD,4,false,228,https://www.imda.gov.sg/-/media/imda/images/programmes/skills-framework-for-ict/consolidated-career-maps.pdf,Infocomm Media Development Authority (IMDA) and SkillsFuture Singapore,2026-08-18,REVIEWED_FROM_MASTER_DIAGRAM,
imda-product-development-product-management-lead-product-designer,Product Development,Product Management,Lead Product Designer,LEAD,4,false,228,https://www.imda.gov.sg/-/media/imda/images/programmes/skills-framework-for-ict/consolidated-career-maps.pdf,Infocomm Media Development Authority (IMDA) and SkillsFuture Singapore,2026-08-18,REVIEWED_FROM_MASTER_DIAGRAM,
imda-product-development-product-management-lead-product-manager,Product Development,Product Management,Lead Product Manager,LEAD,4,false,228,https://www.imda.gov.sg/-/media/imda/images/programmes/skills-framework-for-ict/consolidated-career-maps.pdf,Infocomm Media Development Authority (IMDA) and SkillsFuture Singapore,2026-08-18,REVIEWED_FROM_MASTER_DIAGRAM,
imda-product-development-product-management-product-analyst,Product Development,Product Management,Product Analyst,PROFESSIONAL,2,false,228,https://www.imda.gov.sg/-/media/imda/images/programmes/skills-framework-for-ict/consolidated-career-maps.pdf,Infocomm Media Development Authority (IMDA) and SkillsFuture Singapore,2026-08-18,REVIEWED_FROM_MASTER_DIAGRAM,
imda-product-development-product-management-product-designer,Product Development,Product Management,Product Designer,PROFESSIONAL,2,false,228,https://www.imda.gov.sg/-/media/imda/images/programmes/skills-framework-for-ict/consolidated-career-maps.pdf,Infocomm Media Development Authority (IMDA) and SkillsFuture Singapore,2026-08-18,REVIEWED_FROM_MASTER_DIAGRAM,
imda-product-development-product-management-product-manager,Product Development,Product Management,Product Manager,MANAGER,4,false,228,https://www.imda.gov.sg/-/media/imda/images/programmes/skills-framework-for-ict/consolidated-career-maps.pdf,Infocomm Media Development Authority (IMDA) and SkillsFuture Singapore,2026-08-18,REVIEWED_FROM_MASTER_DIAGRAM,
imda-product-development-product-management-associate-product-analyst,Product Development,Product Management,Associate Product Analyst,ASSOCIATE,1,false,228,https://www.imda.gov.sg/-/media/imda/images/programmes/skills-framework-for-ict/consolidated-career-maps.pdf,Infocomm Media Development Authority (IMDA) and SkillsFuture Singapore,2026-08-18,REVIEWED_FROM_MASTER_DIAGRAM,
imda-product-development-product-management-associate-product-designer,Product Development,Product Management,Associate Product Designer,ASSOCIATE,1,false,228,https://www.imda.gov.sg/-/media/imda/images/programmes/skills-framework-for-ict/consolidated-career-maps.pdf,Infocomm Media Development Authority (IMDA) and SkillsFuture Singapore,2026-08-18,REVIEWED_FROM_MASTER_DIAGRAM,
imda-product-development-product-management-associate-product-manager,Product Development,Product Management,Associate Product Manager,MANAGER,4,false,228,https://www.imda.gov.sg/-/media/imda/images/programmes/skills-framework-for-ict/consolidated-career-maps.pdf,Infocomm Media Development Authority (IMDA) and SkillsFuture Singapore,2026-08-18,REVIEWED_FROM_MASTER_DIAGRAM,
imda-product-development-software-development-chief-technology-officer,Product Development,Software Development,Chief Technology Officer,EXECUTIVE,6,true,228,https://www.imda.gov.sg/-/media/imda/images/programmes/skills-framework-for-ict/consolidated-career-maps.pdf,Infocomm Media Development Authority (IMDA) and SkillsFuture Singapore,2026-08-18,REVIEWED_FROM_MASTER_DIAGRAM,Role is visually shown spanning multiple sub-tracks on the master page.
imda-product-development-software-development-head-of-software-engineering,Product Development,Software Development,Head of Software Engineering,HEAD,5,false,228,https://www.imda.gov.sg/-/media/imda/images/programmes/skills-framework-for-ict/consolidated-career-maps.pdf,Infocomm Media Development Authority (IMDA) and SkillsFuture Singapore,2026-08-18,REVIEWED_FROM_MASTER_DIAGRAM,
imda-product-development-software-development-software-architect,Product Development,Software Development,Software Architect,ARCHITECT,4,false,228,https://www.imda.gov.sg/-/media/imda/images/programmes/skills-framework-for-ict/consolidated-career-maps.pdf,Infocomm Media Development Authority (IMDA) and SkillsFuture Singapore,2026-08-18,REVIEWED_FROM_MASTER_DIAGRAM,
imda-product-development-software-development-software-engineering-manager,Product Development,Software Development,Software Engineering Manager,MANAGER,4,false,228,https://www.imda.gov.sg/-/media/imda/images/programmes/skills-framework-for-ict/consolidated-career-maps.pdf,Infocomm Media Development Authority (IMDA) and SkillsFuture Singapore,2026-08-18,REVIEWED_FROM_MASTER_DIAGRAM,
imda-product-development-software-development-site-reliability-engineering-manager,Product Development,Software Development,Site Reliability Engineering Manager,MANAGER,4,false,228,https://www.imda.gov.sg/-/media/imda/images/programmes/skills-framework-for-ict/consolidated-career-maps.pdf,Infocomm Media Development Authority (IMDA) and SkillsFuture Singapore,2026-08-18,REVIEWED_FROM_MASTER_DIAGRAM,
imda-product-development-software-development-senior-front-end-developer,Product Development,Software Development,Senior Front End Developer,SENIOR,3,false,228,https://www.imda.gov.sg/-/media/imda/images/programmes/skills-framework-for-ict/consolidated-career-maps.pdf,Infocomm Media Development Authority (IMDA) and SkillsFuture Singapore,2026-08-18,REVIEWED_FROM_MASTER_DIAGRAM,
imda-product-development-software-development-senior-full-stack-developer,Product Development,Software Development,Senior Full Stack Developer,SENIOR,3,false,228,https://www.imda.gov.sg/-/media/imda/images/programmes/skills-framework-for-ict/consolidated-career-maps.pdf,Infocomm Media Development Authority (IMDA) and SkillsFuture Singapore,2026-08-18,REVIEWED_FROM_MASTER_DIAGRAM,
imda-product-development-software-development-senior-back-end-developer,Product Development,Software Development,Senior Back End Developer,SENIOR,3,false,228,https://www.imda.gov.sg/-/media/imda/images/programmes/skills-framework-for-ict/consolidated-career-maps.pdf,Infocomm Media Development Authority (IMDA) and SkillsFuture Singapore,2026-08-18,REVIEWED_FROM_MASTER_DIAGRAM,
imda-product-development-software-development-site-reliability-engineer,Product Development,Software Development,Site Reliability Engineer,PROFESSIONAL,2,false,228,https://www.imda.gov.sg/-/media/imda/images/programmes/skills-framework-for-ict/consolidated-career-maps.pdf,Infocomm Media Development Authority (IMDA) and SkillsFuture Singapore,2026-08-18,REVIEWED_FROM_MASTER_DIAGRAM,
imda-product-development-software-development-front-end-developer,Product Development,Software Development,Front End Developer,PROFESSIONAL,2,false,228,https://www.imda.gov.sg/-/media/imda/images/programmes/skills-framework-for-ict/consolidated-career-maps.pdf,Infocomm Media Development Authority (IMDA) and SkillsFuture Singapore,2026-08-18,REVIEWED_FROM_MASTER_DIAGRAM,
imda-product-development-software-development-full-stack-developer,Product Development,Software Development,Full Stack Developer,PROFESSIONAL,2,false,228,https://www.imda.gov.sg/-/media/imda/images/programmes/skills-framework-for-ict/consolidated-career-maps.pdf,Infocomm Media Development Authority (IMDA) and SkillsFuture Singapore,2026-08-18,REVIEWED_FROM_MASTER_DIAGRAM,
imda-product-development-software-development-back-end-developer,Product Development,Software Development,Back End Developer,PROFESSIONAL,2,false,228,https://www.imda.gov.sg/-/media/imda/images/programmes/skills-framework-for-ict/consolidated-career-maps.pdf,Infocomm Media Development Authority (IMDA) and SkillsFuture Singapore,2026-08-18,REVIEWED_FROM_MASTER_DIAGRAM,
imda-product-development-quality-risk-and-security-chief-technology-officer,Product Development,"Quality, Risk and Security",Chief Technology Officer,EXECUTIVE,6,true,228,https://www.imda.gov.sg/-/media/imda/images/programmes/skills-framework-for-ict/consolidated-career-maps.pdf,Infocomm Media Development Authority (IMDA) and SkillsFuture Singapore,2026-08-18,REVIEWED_FROM_MASTER_DIAGRAM,Role is visually shown spanning multiple sub-tracks on the master page.
imda-product-development-quality-risk-and-security-head-of-quality-risk,Product Development,"Quality, Risk and Security",Head of Quality & Risk,HEAD,5,false,228,https://www.imda.gov.sg/-/media/imda/images/programmes/skills-framework-for-ict/consolidated-career-maps.pdf,Infocomm Media Development Authority (IMDA) and SkillsFuture Singapore,2026-08-18,REVIEWED_FROM_MASTER_DIAGRAM,
imda-product-development-quality-risk-and-security-quality-assurance-manager,Product Development,"Quality, Risk and Security",Quality Assurance Manager,MANAGER,4,false,228,https://www.imda.gov.sg/-/media/imda/images/programmes/skills-framework-for-ict/consolidated-career-maps.pdf,Infocomm Media Development Authority (IMDA) and SkillsFuture Singapore,2026-08-18,REVIEWED_FROM_MASTER_DIAGRAM,
imda-product-development-quality-risk-and-security-quality-engineering-manager,Product Development,"Quality, Risk and Security",Quality Engineering Manager,MANAGER,4,false,228,https://www.imda.gov.sg/-/media/imda/images/programmes/skills-framework-for-ict/consolidated-career-maps.pdf,Infocomm Media Development Authority (IMDA) and SkillsFuture Singapore,2026-08-18,REVIEWED_FROM_MASTER_DIAGRAM,
imda-product-development-quality-risk-and-security-product-risk-manager,Product Development,"Quality, Risk and Security",Product Risk Manager,MANAGER,4,false,228,https://www.imda.gov.sg/-/media/imda/images/programmes/skills-framework-for-ict/consolidated-career-maps.pdf,Infocomm Media Development Authority (IMDA) and SkillsFuture Singapore,2026-08-18,REVIEWED_FROM_MASTER_DIAGRAM,
imda-product-development-quality-risk-and-security-product-security-engineering-manager,Product Development,"Quality, Risk and Security",Product Security Engineering Manager,MANAGER,4,false,228,https://www.imda.gov.sg/-/media/imda/images/programmes/skills-framework-for-ict/consolidated-career-maps.pdf,Infocomm Media Development Authority (IMDA) and SkillsFuture Singapore,2026-08-18,REVIEWED_FROM_MASTER_DIAGRAM,
imda-product-development-quality-risk-and-security-quality-assurance-engineer,Product Development,"Quality, Risk and Security",Quality Assurance Engineer,PROFESSIONAL,2,false,228,https://www.imda.gov.sg/-/media/imda/images/programmes/skills-framework-for-ict/consolidated-career-maps.pdf,Infocomm Media Development Authority (IMDA) and SkillsFuture Singapore,2026-08-18,REVIEWED_FROM_MASTER_DIAGRAM,
imda-product-development-quality-risk-and-security-quality-engineer,Product Development,"Quality, Risk and Security",Quality Engineer,PROFESSIONAL,2,false,228,https://www.imda.gov.sg/-/media/imda/images/programmes/skills-framework-for-ict/consolidated-career-maps.pdf,Infocomm Media Development Authority (IMDA) and SkillsFuture Singapore,2026-08-18,REVIEWED_FROM_MASTER_DIAGRAM,
imda-product-development-quality-risk-and-security-product-risk-analyst,Product Development,"Quality, Risk and Security",Product Risk Analyst,PROFESSIONAL,2,false,228,https://www.imda.gov.sg/-/media/imda/images/programmes/skills-framework-for-ict/consolidated-career-maps.pdf,Infocomm Media Development Authority (IMDA) and SkillsFuture Singapore,2026-08-18,REVIEWED_FROM_MASTER_DIAGRAM,
imda-product-development-quality-risk-and-security-product-security-engineer,Product Development,"Quality, Risk and Security",Product Security Engineer,PROFESSIONAL,2,false,228,https://www.imda.gov.sg/-/media/imda/images/programmes/skills-framework-for-ict/consolidated-career-maps.pdf,Infocomm Media Development Authority (IMDA) and SkillsFuture Singapore,2026-08-18,REVIEWED_FROM_MASTER_DIAGRAM,
imda-strategy-and-governance-enterprise-architecture-chief-technology-officer,Strategy and Governance,Enterprise Architecture,Chief Technology Officer,EXECUTIVE,6,true,521,https://www.imda.gov.sg/-/media/imda/images/programmes/skills-framework-for-ict/consolidated-career-maps.pdf,Infocomm Media Development Authority (IMDA) and SkillsFuture Singapore,2026-08-18,REVIEWED_FROM_MASTER_DIAGRAM,Role is visually shown spanning multiple sub-tracks on the master page.
imda-strategy-and-governance-enterprise-architecture-enterprise-architect,Strategy and Governance,Enterprise Architecture,Enterprise Architect,ARCHITECT,4,false,521,https://www.imda.gov.sg/-/media/imda/images/programmes/skills-framework-for-ict/consolidated-career-maps.pdf,Infocomm Media Development Authority (IMDA) and SkillsFuture Singapore,2026-08-18,REVIEWED_FROM_MASTER_DIAGRAM,
imda-strategy-and-governance-enterprise-architecture-solutions-architect,Strategy and Governance,Enterprise Architecture,Solutions Architect,ARCHITECT,4,false,521,https://www.imda.gov.sg/-/media/imda/images/programmes/skills-framework-for-ict/consolidated-career-maps.pdf,Infocomm Media Development Authority (IMDA) and SkillsFuture Singapore,2026-08-18,REVIEWED_FROM_MASTER_DIAGRAM,
imda-strategy-and-governance-enterprise-architecture-business-architect,Strategy and Governance,Enterprise Architecture,Business Architect,ARCHITECT,4,false,521,https://www.imda.gov.sg/-/media/imda/images/programmes/skills-framework-for-ict/consolidated-career-maps.pdf,Infocomm Media Development Authority (IMDA) and SkillsFuture Singapore,2026-08-18,REVIEWED_FROM_MASTER_DIAGRAM,
imda-strategy-and-governance-enterprise-architecture-business-analyst-ai-translator,Strategy and Governance,Enterprise Architecture,Business Analyst/AI Translator,PROFESSIONAL,2,false,521,https://www.imda.gov.sg/-/media/imda/images/programmes/skills-framework-for-ict/consolidated-career-maps.pdf,Infocomm Media Development Authority (IMDA) and SkillsFuture Singapore,2026-08-18,REVIEWED_FROM_MASTER_DIAGRAM,
imda-strategy-and-governance-enterprise-architecture-associate-business-analyst,Strategy and Governance,Enterprise Architecture,Associate Business Analyst,ASSOCIATE,1,false,521,https://www.imda.gov.sg/-/media/imda/images/programmes/skills-framework-for-ict/consolidated-career-maps.pdf,Infocomm Media Development Authority (IMDA) and SkillsFuture Singapore,2026-08-18,REVIEWED_FROM_MASTER_DIAGRAM,
imda-strategy-and-governance-program-and-project-management-chief-technology-officer,Strategy and Governance,Program and Project Management,Chief Technology Officer,EXECUTIVE,6,true,521,https://www.imda.gov.sg/-/media/imda/images/programmes/skills-framework-for-ict/consolidated-career-maps.pdf,Infocomm Media Development Authority (IMDA) and SkillsFuture Singapore,2026-08-18,REVIEWED_FROM_MASTER_DIAGRAM,Role is visually shown spanning multiple sub-tracks on the master page.
imda-strategy-and-governance-program-and-project-management-program-director,Strategy and Governance,Program and Project Management,Program Director,DIRECTOR,5,false,521,https://www.imda.gov.sg/-/media/imda/images/programmes/skills-framework-for-ict/consolidated-career-maps.pdf,Infocomm Media Development Authority (IMDA) and SkillsFuture Singapore,2026-08-18,REVIEWED_FROM_MASTER_DIAGRAM,
imda-strategy-and-governance-program-and-project-management-program-manager,Strategy and Governance,Program and Project Management,Program Manager,MANAGER,4,false,521,https://www.imda.gov.sg/-/media/imda/images/programmes/skills-framework-for-ict/consolidated-career-maps.pdf,Infocomm Media Development Authority (IMDA) and SkillsFuture Singapore,2026-08-18,REVIEWED_FROM_MASTER_DIAGRAM,
imda-strategy-and-governance-program-and-project-management-project-manager-scrum-master,Strategy and Governance,Program and Project Management,Project Manager/Scrum Master,MANAGER,4,false,521,https://www.imda.gov.sg/-/media/imda/images/programmes/skills-framework-for-ict/consolidated-career-maps.pdf,Infocomm Media Development Authority (IMDA) and SkillsFuture Singapore,2026-08-18,REVIEWED_FROM_MASTER_DIAGRAM,
imda-strategy-and-governance-data-protection-group-data-protection-officer,Strategy and Governance,Data Protection,Group Data Protection Officer,EXECUTIVE,6,false,521,https://www.imda.gov.sg/-/media/imda/images/programmes/skills-framework-for-ict/consolidated-career-maps.pdf,Infocomm Media Development Authority (IMDA) and SkillsFuture Singapore,2026-08-18,REVIEWED_FROM_MASTER_DIAGRAM,
imda-strategy-and-governance-data-protection-data-protection-officer,Strategy and Governance,Data Protection,Data Protection Officer,PROFESSIONAL,2,false,521,https://www.imda.gov.sg/-/media/imda/images/programmes/skills-framework-for-ict/consolidated-career-maps.pdf,Infocomm Media Development Authority (IMDA) and SkillsFuture Singapore,2026-08-18,REVIEWED_FROM_MASTER_DIAGRAM,
imda-strategy-and-governance-data-protection-data-protection-executive,Strategy and Governance,Data Protection,Data Protection Executive,PROFESSIONAL,2,false,521,https://www.imda.gov.sg/-/media/imda/images/programmes/skills-framework-for-ict/consolidated-career-maps.pdf,Infocomm Media Development Authority (IMDA) and SkillsFuture Singapore,2026-08-18,REVIEWED_FROM_MASTER_DIAGRAM,
imda-strategy-and-governance-it-audit-head-of-it-audit,Strategy and Governance,IT Audit,Head of IT Audit,HEAD,5,false,521,https://www.imda.gov.sg/-/media/imda/images/programmes/skills-framework-for-ict/consolidated-career-maps.pdf,Infocomm Media Development Authority (IMDA) and SkillsFuture Singapore,2026-08-18,REVIEWED_FROM_MASTER_DIAGRAM,
imda-strategy-and-governance-it-audit-it-audit-manager,Strategy and Governance,IT Audit,IT Audit Manager,MANAGER,4,false,521,https://www.imda.gov.sg/-/media/imda/images/programmes/skills-framework-for-ict/consolidated-career-maps.pdf,Infocomm Media Development Authority (IMDA) and SkillsFuture Singapore,2026-08-18,REVIEWED_FROM_MASTER_DIAGRAM,
imda-strategy-and-governance-it-audit-it-auditor,Strategy and Governance,IT Audit,IT Auditor,PROFESSIONAL,2,false,521,https://www.imda.gov.sg/-/media/imda/images/programmes/skills-framework-for-ict/consolidated-career-maps.pdf,Infocomm Media Development Authority (IMDA) and SkillsFuture Singapore,2026-08-18,REVIEWED_FROM_MASTER_DIAGRAM,
